{
  "config": {
    "cdnBase": "https://cdn.jsdelivr.net/gh/CapitalistOnSteroids/Flatbread.js/buttons"
  },
  "buttons": [
    { "name": "000010", "file": "000010.gif", "tags": ["000010", "retro"] },
    { "name": "blades", "file": "1blades.gif", "tags": ["blades", "pixel"] },
    { "name": "321webmaster", "file": "321webmaster.gif", "tags": ["webmaster", "pixel"] }, 
    { "name": "acab", "file": "acab2.gif", "tags": ["acab", "cc"] },
    { "name": "acid", "file": "acid_prod.gif", "tags": ["acid", "pixel"] },
    { "name": "addit", "file": "addit1.gif", "tags": ["addit", "pixel"] },
    { "name": "alohabook", "file": "alohabook.gif", "tags": ["aloha", "pixel"] },
    { "name": "benzwarez", "file": "benzwarez.gif", "tags": ["warez", "pixel"] },
    { "name": "bestcn", "file": "bestcanada.gif", "tags": ["canada", "best"] },
    { "name": "blackdress", "file": "blackdress666.gif", "tags": ["blackdress", "pixel"] },
    { "name": "btnbtn", "file": "btnbtn01.gif", "tags": ["button", "pixel"] },
    { "name": "cardsbutton", "file": "cardsbutton.gif", "tags": ["cards", "pixel"] },
    { "name": "castlegrave", "file": "castlegrave.gif", "tags": ["castlegrave", "pixel"] },
    { "name": "cata_site", "file": "catalog_site_3a.gif", "tags": ["blades", "pixel"] },
    { "name": "catcatprod", "file": "catcatproduction.gif", "tags": ["catcat", "pixel"] },
    { "name": "cca_neocities", "file": "cca_neocities_button.gif", "tags": ["cca_neocities", "pixel"] },
    { "name": "famfo", "file": "famfo_anim.gif", "tags": ["blades", "pixel"] }, 
    { "name": "1999x", "file": "1999x.gif", "tags": ["1999", "pixel"] }, 
    { "name": "300free", "file": "300free.gif", "tags": ["300free", "pixel"] },
    { "name": "88spylog", "file": "88spylog.gif", "tags": ["88", "spylog"] },
    { "name": "88summer", "file": "88summer.gif", "tags": ["88", "summer"] },
    { "name": "anarchist", "file": "ANARCHIST.png", "tags": ["ANARCHIST", "png"] },
    { "name": "abcglant", "file": "abcglant.gif", "tags": ["abcglant", "pixel"] },
    { "name": "absoluteftp", "file": "absolute_ftp.gif", "tags": ["ftp", "pixel"] },
    { "name": "ace_adv", "file": "ace-adventure.gif", "tags": ["ace", "pixel"] },
    { "name": "acid2", "file": "acid.gif", "tags": ["acid", "pixel"] },
    { "name": "acrobat", "file": "acrobat.gif", "tags": ["acrobat", "pixel"] },
    { "name": "aegi", "file": "aegi.gif", "tags": ["aegi", "pixel"] },
    { "name": "aegi2", "file": "_button_2.gif", "tags": ["aegi", "pixel"] },
    { "name": "affrack", "file": "affrack.gif", "tags": ["affrack", "pixel"] },
    { "name": "aky", "file": "aky0byte.gif", "tags": ["aky", "pixel"] },
    { "name": "albutton", "file": "albutton.png", "tags": ["albutton", "pixel"] },
    { "name": "alexisnow", "file": "alexisnow.png", "tags": ["alexisnow", "pixel"] },
    { "name": "aft", "file": "allfreethings.gif", "tags": ["aft", "pixel"] },
    { "name": "alt-3", "file": "alt-3.gif", "tags": ["alt-3", "pixel"] },
    { "name": "amiga", "file": "amiga.gif", "tags": ["amiga", "pixel"] },
    { "name": "amigapow", "file": "amigapow.gif", "tags": ["amiga", "pixel"] },
    { "name": "anythingbut", "file": "anythingbut.gif", "tags": ["what", "pixel"] },
    { "name": "aoltos", "file": "aoltos_a.gif", "tags": ["aoltos", "pixel"] },
    { "name": "bdnow", "file": "bdnow.gif", "tags": ["bdnow", "pixel"] },
    { "name": "beatnik", "file": "beatnik_beatnik.gif", "tags": ["btnik", "pixel"] },
    { "name": "bscnani", "file": "bscnani1.gif", "tags": ["bscnani", "pixel"] },
    { "name": "tupac", "file": "button_tupachq.gif", "tags": ["tupac", "button"] },
    { "name": "cars", "file": "cars.gif", "tags": ["cars", "pixel"] }

  ]
}
